{"sections":{"main":{"type":"main-article","blocks":{"navigation":{"type":"navigation","settings":{}},"comments":{"type":"comments","settings":{"show_gravatar":true,"comments_per_page":5}}},"block_order":["navigation","comments"],"custom_css":["{background: url(\"https:\/\/cdn.shopify.com\/s\/files\/1\/0682\/2163\/2752\/files\/IMG_20240202_105334.png?v=1706867652\") no-repeat center; background-size: cover;}"],"settings":{"allow_transparent_header":true,"layout":"content_first","image":"shopify:\/\/shop_images\/T0T0T.jpg","show_author":false,"show_date":false,"show_comments_count":true,"show_share_buttons":true,"banner_background":"#ffffff","banner_text_color":"#000000","overlay_color":"#000000","overlay_opacity":0,"content_width":"750px"}}},"order":["main"]}