{"sections":{"main":{"type":"main-blog","custom_css":["{background: url(\"https:\/\/cdn.shopify.com\/s\/files\/1\/0682\/2163\/2752\/files\/IMG_20240202_105334.png?v=1706867652\") no-repeat center; background-size: cover;}"],"settings":{"allow_transparent_header":false,"content":"","show_newsletter_form":true,"show_tags":true,"banner_background":"","banner_text_color":"","button_background":"","button_text_color":"","articles_per_page":6,"feature_first_article":true,"feature_article_background":"","feature_article_text_color":"","show_excerpt":true,"show_date":true,"show_author":false,"show_comments_count":false,"show_category":true}}},"order":["main"]}