{"sections":{"main":{"type":"main-cart","blocks":{"totals":{"type":"totals","settings":{"show_order_weight":false,"show_shipping_text":true}},"cart_note":{"type":"cart_note","settings":{}},"checkout_button":{"type":"checkout_button","settings":{}}},"block_order":["totals","cart_note","checkout_button"],"custom_css":["{background: url(\"https:\/\/cdn.shopify.com\/s\/files\/1\/0682\/2163\/2752\/files\/1.png?v=1706827427\") no-repeat center; background-size: cover;}"],"settings":{"show_shipping_estimator":false,"show_payment_icons":true}}},"order":["main"]}