{"sections":{"banner":{"type":"collection-banner","custom_css":["{background: url(\"https:\/\/cdn.shopify.com\/s\/files\/1\/0682\/2163\/2752\/files\/IMG_20240202_105334.png?v=1706867652\") no-repeat center; background-size: cover;}"],"settings":{"full_width":true,"allow_transparent_header":false,"enable_parallax":true,"show_collection_title":true,"show_collection_description":true,"show_collection_image":true,"collection_title_size":"h0","image_size":"md","image":"{{ collection.image }}","mobile_image":"{{ collection.image }}","mobile_text_position":"place-self-center text-center","desktop_text_position":"sm:place-self-center sm:text-center","featured_product":"","featured_product_heading":"Featured product","text_color":"#ffffff","overlay_color":"#000000","overlay_opacity":25}},"main":{"type":"main-collection","blocks":{"eb0a3da5-85dd-4795-b727-80a2f930ceb9":{"type":"promotion_image","settings":{"position":50,"column_span":"2","title":"","content":"","link_url":"","link_text":"","heading_tag":"h1","text_position":"place-self-center text-center","text_color":"#ffffff","overlay_color":"#000000","overlay_opacity":0}}},"block_order":["eb0a3da5-85dd-4795-b727-80a2f930ceb9"],"custom_css":["{background: url(\"https:\/\/cdn.shopify.com\/s\/files\/1\/0682\/2163\/2752\/files\/1.png?v=1706827427\") no-repeat center; background-size: cover;}"],"settings":{"products_per_page":24,"products_per_row_mobile":"2","products_per_row_desktop":4,"filter_layout":"horizontal","show_sort_by":true,"show_filters":true,"show_filter_group_name":false,"show_color_swatch":true,"show_empty_filter_values":false,"show_filter_values_count":true,"open_first_filter_group":false}}},"order":["banner","main"]}