{"sections":{"slideshow":{"type":"slideshow","blocks":{"slide-1":{"type":"image","settings":{"image":"shopify:\/\/shop_images\/5183651.jpg","mobile_image":"shopify:\/\/shop_images\/1back.jpg","content_max_width":620,"mobile_text_position":"place-self-center text-center","desktop_text_position":"sm:place-self-center sm:text-center","subheading":"","title":"","heading_tag":"h0","button_text":"","button_link":"","text_color":"#ffffff","button_background":"#ffffff","button_text_color":"#ffffff","overlay_color":"#ffffff","overlay_opacity":0,"background":"#ffffff","background_gradient":""}},"slide-2":{"type":"image","settings":{"image":"shopify:\/\/shop_images\/IMG_20240202_105334.png","mobile_image":"shopify:\/\/shop_images\/IMG_20240202_105304.png","content_max_width":780,"mobile_text_position":"place-self-center text-center","desktop_text_position":"sm:place-self-center sm:text-center","subheading":"Pure Nutrition, Delivered: High-Quality Supplements for Every Need","title":"Get Lit From Within","heading_tag":"h0","button_text":"","button_link":"","text_color":"#ffffff","button_background":"#ffffff","button_text_color":"#ffffff","overlay_color":"#ffffff","overlay_opacity":0,"background":"","background_gradient":""}}},"block_order":["slide-1","slide-2"],"settings":{"full_width":true,"allow_transparent_header":true,"image_size":"sm","controls_type":"numbers","transition_type":"fade_with_text","autoplay":true,"cycle_speed":10,"background":"#f2f2f2","background_gradient":"linear-gradient(60deg, rgba(60, 65, 68, 1), rgba(23, 29, 33, 1) 98%)"}},"featured_product_9wRxRQ":{"type":"featured-product","blocks":{"title_ULrRbg":{"type":"title","settings":{"heading_tag":"h2"}},"badges_LcpgXB":{"type":"badges","settings":{}},"price_QQE6d6":{"type":"price","settings":{"show_taxes_notice":false}},"rating_Fjrqkj":{"type":"rating","settings":{"show_empty":false}},"separator_XKxVCM":{"type":"separator","settings":{}},"description_ekMyhC":{"type":"description","settings":{"collapse_content":true}},"variant_picker_FhxgM6":{"type":"variant_picker","settings":{"hide_sold_out_variants":false,"stack_blocks":true,"selector_mode":"block","color_mode":"color","size_chart_page":""}},"quantity_selector_YMapgL":{"type":"quantity_selector","settings":{}},"buy_buttons_d646Pq":{"type":"buy_buttons","settings":{"show_payment_button":false,"show_gift_card_recipient":true,"atc_button_background":"#000000","atc_button_text_color":"","payment_button_background":"","payment_button_text_color":""}},"pickup_availability_dnAFAy":{"type":"pickup_availability","settings":{}}},"block_order":["title_ULrRbg","badges_LcpgXB","price_QQE6d6","rating_Fjrqkj","separator_XKxVCM","description_ekMyhC","variant_picker_FhxgM6","quantity_selector_YMapgL","buy_buttons_d646Pq","pickup_availability_dnAFAy"],"custom_css":["{background: url(\"https:\/\/cdn.shopify.com\/s\/files\/1\/0682\/2163\/2752\/files\/IMG_20240202_105334.png?v=1706867652\") no-repeat center; background-size: cover;}"],"settings":{"full_width":true,"product":"rosemary-oil-hair-growth-for-man-and-women","desktop_media_width":55,"desktop_media_layout":"carousel_thumbnails_bottom","mobile_media_size":"contained","mobile_carousel_control":"free_scroll","enable_video_autoplay":true,"enable_video_looping":false,"enable_image_zoom":true,"max_image_zoom_level":2,"background":"","background_gradient":"","text_color":"#ffffff","input_background":"rgba(0,0,0,0)","input_text_color":"#ffffff"}},"featured-collection":{"type":"featured-collection","custom_css":["{background: url(\"https:\/\/cdn.shopify.com\/s\/files\/1\/0682\/2163\/2752\/files\/1.png?v=1706827427\") no-repeat center; background-size: cover;}"],"settings":{"collection":"","products":["magnesium-glycinate-zink-vitamin-d3-vitamin-b6","apple-cider-vinegar","fish-oil-omega-3","ashwagandha","collagen","complex-vitamin-b","glutathione","keto","panax-ginseng-with-ginkgo-bilobapanax","fadogia-agrestis-tongkat-ali"],"full_width":true,"stack_products":false,"show_progress_bar":false,"products_count":10,"products_per_row_mobile":"2","products_per_row_desktop":5,"subheading":"","title":"SUPPLEMENT NUTRITIONS","content":"","link_url":"shopify:\/\/collections\/all-nutrition-supplements","link_text":"View All","background":"rgba(0,0,0,0)","background_gradient":"","text_color":"#ffffff","heading_color":"","heading_gradient":"","product_card_background":"","product_card_text_color":"#ffffff"}},"featured-product":{"type":"featured-product","blocks":{"title":{"type":"title","settings":{"heading_tag":"h2"}},"badges":{"type":"badges","settings":{}},"price":{"type":"price","settings":{"show_taxes_notice":false}},"rating":{"type":"rating","settings":{"show_empty":false}},"separator":{"type":"separator","settings":{}},"description":{"type":"description","settings":{"collapse_content":true}},"variant-picker":{"type":"variant_picker","settings":{"hide_sold_out_variants":false,"stack_blocks":true,"selector_mode":"block","color_mode":"color","size_chart_page":""}},"quantity-selector":{"type":"quantity_selector","settings":{}},"buy-buttons":{"type":"buy_buttons","settings":{"show_payment_button":false,"show_gift_card_recipient":true,"atc_button_background":"#000000","atc_button_text_color":"","payment_button_background":"","payment_button_text_color":""}}},"block_order":["title","badges","price","rating","separator","description","variant-picker","quantity-selector","buy-buttons"],"custom_css":["{background: url(\"https:\/\/cdn.shopify.com\/s\/files\/1\/0682\/2163\/2752\/files\/IMG_20240202_105334.png?v=1706867652\") no-repeat center; background-size: cover;}"],"settings":{"full_width":true,"product":"purc-beard-growth-oil","desktop_media_width":45,"desktop_media_layout":"carousel_thumbnails_left","mobile_media_size":"contained","mobile_carousel_control":"free_scroll","enable_video_autoplay":true,"enable_video_looping":true,"enable_image_zoom":true,"max_image_zoom_level":3,"background":"rgba(0,0,0,0)","background_gradient":"","text_color":"#ffffff","input_background":"rgba(0,0,0,0)","input_text_color":"#ffffff"}},"scrolling_text_E6bW6Q":{"type":"scrolling-text","custom_css":["{background: url(\"https:\/\/cdn.shopify.com\/s\/files\/1\/0682\/2163\/2752\/files\/1.png?v=1706827427\") no-repeat center; background-size: cover;}"],"settings":{"full_width":true,"text":"FREE SHIPPING","text_size":"xsmall","text_style":"fill","scrolling_mode":"auto","scrolling_speed":10,"background":"","background_gradient":"linear-gradient(310deg, rgba(NaN, NaN, NaN, 1), rgba(NaN, NaN, NaN, 1) 100%)","text_color":"#ffffff","text_gradient":""}},"featured_product_bdqP8K":{"type":"featured-product","blocks":{"title_mkNEFB":{"type":"title","settings":{"heading_tag":"h2"}},"badges_mg9Qhp":{"type":"badges","settings":{}},"price_9BML4W":{"type":"price","settings":{"show_taxes_notice":false}},"rating_Pkhaey":{"type":"rating","settings":{"show_empty":false}},"separator_Rx8yBd":{"type":"separator","settings":{}},"description_GbPiDb":{"type":"description","settings":{"collapse_content":true}},"variant_picker_EALfDi":{"type":"variant_picker","settings":{"hide_sold_out_variants":false,"stack_blocks":true,"selector_mode":"block","color_mode":"color","size_chart_page":""}},"quantity_selector_HHbpf8":{"type":"quantity_selector","settings":{}},"buy_buttons_txjNbC":{"type":"buy_buttons","settings":{"show_payment_button":false,"show_gift_card_recipient":true,"atc_button_background":"#000000","atc_button_text_color":"","payment_button_background":"","payment_button_text_color":""}},"pickup_availability_KmiQQe":{"type":"pickup_availability","settings":{}}},"block_order":["title_mkNEFB","badges_mg9Qhp","price_9BML4W","rating_Pkhaey","separator_Rx8yBd","description_GbPiDb","variant_picker_EALfDi","quantity_selector_HHbpf8","buy_buttons_txjNbC","pickup_availability_KmiQQe"],"custom_css":["{background: url(\"https:\/\/cdn.shopify.com\/s\/files\/1\/0682\/2163\/2752\/files\/IMG_20240202_105334.png?v=1706867652\") no-repeat center; background-size: cover;}"],"settings":{"full_width":true,"product":"herbal-varicose-vein-foot-cream","desktop_media_width":55,"desktop_media_layout":"carousel_thumbnails_bottom","mobile_media_size":"contained","mobile_carousel_control":"free_scroll","enable_video_autoplay":true,"enable_video_looping":false,"enable_image_zoom":true,"max_image_zoom_level":3,"background":"","background_gradient":"","text_color":"#ffffff","input_background":"rgba(0,0,0,0)","input_text_color":"#ffffff"}},"scrolling-text":{"type":"scrolling-text","custom_css":["{background: url(\"https:\/\/cdn.shopify.com\/s\/files\/1\/0682\/2163\/2752\/files\/1.png?v=1706827427\") no-repeat center; background-size: cover;}"],"settings":{"full_width":true,"text":"FAST DELIVERY","text_size":"xsmall","text_style":"fill","scrolling_mode":"auto","scrolling_speed":10,"background":"","background_gradient":"linear-gradient(310deg, rgba(NaN, NaN, NaN, 1), rgba(214, 229, 175, 1) 100%)","text_color":"#ffffff","text_gradient":""}},"collection_list_t78yxh":{"type":"collection-list","blocks":{"collection_nt8PWh":{"type":"collection","settings":{"collection":"health-and-care","subheading":"","title":"","url":"","heading_tag":"h2","text_position":"place-self-center text-center","text_color":"#ffffff","overlay_color":"#000000","overlay_opacity":30}}},"block_order":["collection_nt8PWh"],"custom_css":["{background: url(\"https:\/\/cdn.shopify.com\/s\/files\/1\/0682\/2163\/2752\/files\/IMG_20240202_105334.png?v=1706867652\") no-repeat center; background-size: cover;}"],"settings":{"full_width":true,"stack_collections":true,"collections_per_row":3,"show_progress_bar":false,"subheading":"","title":"Collection","content":"","link_url":"","link_text":"","background":"","background_gradient":"","text_color":"","heading_color":"","heading_gradient":""}},"impact-text":{"type":"impact-text","settings":{"full_width":true,"stack_mobile":true,"text_alignment":"center","impact_text_style":"fill","text_divider":"none","impact_text_size_ratio":1,"background":"","background_gradient":"linear-gradient(180deg, rgba(0, 163, 65, 1) 1%, rgba(0, 50, 18, 1) 99%)","heading_text_color":"","heading_gradient":"linear-gradient(180deg, rgba(0, 0, 0, 1), rgba(55, 55, 55, 1) 99%)","text_color":"#ffffff","button_background":"","button_text_color":""}},"featured_product_fhBktE":{"type":"featured-product","blocks":{"title_aDaz6T":{"type":"title","settings":{"heading_tag":"h2"}},"badges_BbnbtV":{"type":"badges","settings":{}},"price_ePUEPk":{"type":"price","settings":{"show_taxes_notice":false}},"rating_JCPyPT":{"type":"rating","settings":{"show_empty":false}},"separator_PajnU8":{"type":"separator","settings":{}},"description_xTxqqa":{"type":"description","settings":{"collapse_content":true}},"variant_picker_KbF4Rj":{"type":"variant_picker","settings":{"hide_sold_out_variants":false,"stack_blocks":true,"selector_mode":"block","color_mode":"color","size_chart_page":""}},"quantity_selector_qJCBDz":{"type":"quantity_selector","settings":{}},"buy_buttons_KYwTNk":{"type":"buy_buttons","settings":{"show_payment_button":false,"show_gift_card_recipient":true,"atc_button_background":"#000000","atc_button_text_color":"","payment_button_background":"","payment_button_text_color":""}}},"block_order":["title_aDaz6T","badges_BbnbtV","price_ePUEPk","rating_JCPyPT","separator_PajnU8","description_xTxqqa","variant_picker_KbF4Rj","quantity_selector_qJCBDz","buy_buttons_KYwTNk"],"custom_css":["{background: url(\"https:\/\/cdn.shopify.com\/s\/files\/1\/0682\/2163\/2752\/files\/IMG_20240202_105334.png?v=1706867652\") no-repeat center; background-size: cover;}"],"settings":{"full_width":true,"product":"vitamin-c-dark-spot-remover-and-hyaluronic-acid-whitening","desktop_media_width":45,"desktop_media_layout":"carousel_thumbnails_left","mobile_media_size":"contained","mobile_carousel_control":"free_scroll","enable_video_autoplay":true,"enable_video_looping":true,"enable_image_zoom":true,"max_image_zoom_level":3,"background":"rgba(0,0,0,0)","background_gradient":"","text_color":"#ffffff","input_background":"rgba(0,0,0,0)","input_text_color":"#ffffff"}},"scrolling_text_NkjamW":{"type":"scrolling-text","custom_css":["{background: url(\"https:\/\/cdn.shopify.com\/s\/files\/1\/0682\/2163\/2752\/files\/1.png?v=1706827427\") no-repeat center; background-size: cover;}"],"settings":{"full_width":true,"text":"HIGH QUALITY","text_size":"xsmall","text_style":"fill","scrolling_mode":"auto","scrolling_speed":10,"background":"","background_gradient":"linear-gradient(310deg, rgba(NaN, NaN, NaN, 1), rgba(214, 229, 175, 1) 100%)","text_color":"#ffffff","text_gradient":""}},"featured_product_HGTQ9Y":{"type":"featured-product","blocks":{"title_LB3wr8":{"type":"title","settings":{"heading_tag":"h2"}},"badges_e4CGgA":{"type":"badges","settings":{}},"price_bEeFWm":{"type":"price","settings":{"show_taxes_notice":false}},"rating_dGyfmD":{"type":"rating","settings":{"show_empty":false}},"separator_YTHqU9":{"type":"separator","settings":{}},"description_rAkwqk":{"type":"description","settings":{"collapse_content":true}},"variant_picker_nyJwJi":{"type":"variant_picker","settings":{"hide_sold_out_variants":false,"stack_blocks":true,"selector_mode":"block","color_mode":"color","size_chart_page":""}},"quantity_selector_GhgtJA":{"type":"quantity_selector","settings":{}},"buy_buttons_bLUQDU":{"type":"buy_buttons","settings":{"show_payment_button":false,"show_gift_card_recipient":true,"atc_button_background":"#000000","atc_button_text_color":"","payment_button_background":"","payment_button_text_color":""}}},"block_order":["title_LB3wr8","badges_e4CGgA","price_bEeFWm","rating_dGyfmD","separator_YTHqU9","description_rAkwqk","variant_picker_nyJwJi","quantity_selector_GhgtJA","buy_buttons_bLUQDU"],"custom_css":["{background: url(\"https:\/\/cdn.shopify.com\/s\/files\/1\/0682\/2163\/2752\/files\/IMG_20240202_105334.png?v=1706867652\") no-repeat center; background-size: cover;}"],"settings":{"full_width":true,"product":"plumper-lip-balm-gloss-oil","desktop_media_width":45,"desktop_media_layout":"carousel_thumbnails_left","mobile_media_size":"contained","mobile_carousel_control":"free_scroll","enable_video_autoplay":true,"enable_video_looping":true,"enable_image_zoom":true,"max_image_zoom_level":3,"background":"rgba(0,0,0,0)","background_gradient":"","text_color":"#ffffff","input_background":"rgba(0,0,0,0)","input_text_color":"#ffffff"}},"featured_product_chBRdX":{"type":"featured-product","blocks":{"title_pGphzG":{"type":"title","settings":{"heading_tag":"h2"}},"badges_z664xU":{"type":"badges","settings":{}},"price_qA78L3":{"type":"price","settings":{"show_taxes_notice":false}},"rating_BYGRrJ":{"type":"rating","settings":{"show_empty":false}},"separator_9AGUPk":{"type":"separator","settings":{}},"description_jccCQY":{"type":"description","settings":{"collapse_content":true}},"variant_picker_JVRUUd":{"type":"variant_picker","settings":{"hide_sold_out_variants":false,"stack_blocks":true,"selector_mode":"block","color_mode":"color","size_chart_page":""}},"quantity_selector_gmhdRy":{"type":"quantity_selector","settings":{}},"buy_buttons_t4AqEz":{"type":"buy_buttons","settings":{"show_payment_button":false,"show_gift_card_recipient":true,"atc_button_background":"#000000","atc_button_text_color":"","payment_button_background":"","payment_button_text_color":""}}},"block_order":["title_pGphzG","badges_z664xU","price_qA78L3","rating_BYGRrJ","separator_9AGUPk","description_jccCQY","variant_picker_JVRUUd","quantity_selector_gmhdRy","buy_buttons_t4AqEz"],"custom_css":["{background: url(\"https:\/\/cdn.shopify.com\/s\/files\/1\/0682\/2163\/2752\/files\/IMG_20240202_105334.png?v=1706867652\") no-repeat center; background-size: cover;}"],"settings":{"full_width":true,"product":"vitamin-c-turmeric-dark-spot-remover-and-face-whitening","desktop_media_width":45,"desktop_media_layout":"carousel_thumbnails_left","mobile_media_size":"contained","mobile_carousel_control":"free_scroll","enable_video_autoplay":true,"enable_video_looping":true,"enable_image_zoom":true,"max_image_zoom_level":3,"background":"rgba(0,0,0,0)","background_gradient":"","text_color":"#ffffff","input_background":"rgba(0,0,0,0)","input_text_color":"#ffffff"}},"blog_posts_4jarnF":{"type":"blog-posts","blocks":{"article_Dagp8p":{"type":"article","settings":{"article":"useful-informations\/supercharge-your-journey","background":"","text_color":""}}},"block_order":["article_Dagp8p"],"custom_css":["{background: url(\"https:\/\/cdn.shopify.com\/s\/files\/1\/0682\/2163\/2752\/files\/IMG_20240202_105334.png?v=1706867652\") no-repeat center; background-size: cover;}"],"settings":{"full_width":true,"show_excerpt":true,"show_date":false,"show_author":false,"show_comments_count":false,"show_category":true,"subheading":"","title":"","content":"","link_url":"shopify:\/\/blogs\/useful-informations","link_text":"","background":"","background_gradient":"linear-gradient(180deg, rgba(NaN, NaN, NaN, 1), rgba(130, 141, 102, 1) 100%)","text_color":"#ffffff","heading_color":"","heading_gradient":""}},"faq":{"type":"faq","blocks":{"166442457738b23caf-0":{"type":"item","settings":{"title":"Do you ship overseas?","content":"<p>No, we only ship to united kingdom but if you want us to make an exception please contact us and we will provide you with the details of everything.<\/p>"}},"166442457738b23caf-1":{"type":"item","settings":{"title":"How long will it take to get my orders?","content":"<p>It depends on where you are. Orders processed to the united kingdom take between 1 to 3 days to confirm the order because sometimes the client make mistakes or ask for a refund and when you confirm the order we will  ship it to you in the time that estimated between 10 days and 30 days.<\/p>"}},"166442457738b23caf-2":{"type":"item","settings":{"title":"how to get and apply my discount code?","content":"<p>first off all, when you buy your first supplement make sure to enter your real email address to get the discount codes or special offers and when you have a discount code go to shop and shop anything and you will find a section to put your code in it .<\/p>"}}},"block_order":["166442457738b23caf-0","166442457738b23caf-1","166442457738b23caf-2"],"disabled":true,"custom_css":["{background: url(\"https:\/\/cdn.shopify.com\/s\/files\/1\/0682\/2163\/2752\/files\/IMG_20240202_105334.png?v=1706867652\") no-repeat center; background-size: cover;}"],"settings":{"full_width":false,"subheading":"","title":"FAQ","content":"<p>You will find here the most frequently asked questions and all the answers to it.<\/p>","team_avatar_width":160,"support_hours":"Our customer support is available Monday to Sunday: 10am-12pm.","answer_time":"Average answer time: 2h","button_text":"","button_url":"","text_position":"center","background":"rgba(0,0,0,0)","background_gradient":"","text_color":"#ffffff","heading_color":"","heading_gradient":"","button_background":"","button_text_color":"","accordion_background":"","accordion_text_color":""}},"custom_liquid_wRihG7":{"type":"custom-liquid","disabled":true,"settings":{"full_width":true,"remove_vertical_spacing":true,"remove_horizontal_spacing":true,"liquid":"<style>\nvideo {\nwidth: 100%;\nheight: auto;\ndisplay: block;\nmargin: 0 auto;\n}\n<\/style>\n<video muted autoplay playsinline loop>\n    <source src=\"https:\/\/cdn.shopify.com\/videos\/c\/o\/v\/4f2d2a1c93a5422396233f67380b430e.mp4\"\n                  type=\"video\/mp4\">\n    <source src=\"https:\/\/cdn.shopify.com\/videos\/c\/o\/v\/4f2d2a1c93a5422396233f67380b430e.mp4\"\n                  type=\"video\/mp4\">\n<\/video>","background":"rgba(0,0,0,0)","background_gradient":"","text_color":""}}},"order":["slideshow","featured_product_9wRxRQ","featured-collection","featured-product","scrolling_text_E6bW6Q","featured_product_bdqP8K","scrolling-text","collection_list_t78yxh","impact-text","featured_product_fhBktE","scrolling_text_NkjamW","featured_product_HGTQ9Y","featured_product_chBRdX","blog_posts_4jarnF","faq","custom_liquid_wRihG7"]}