{"sections":{"main":{"type":"main-page","custom_css":["{background: url(\"https:\/\/cdn.shopify.com\/s\/files\/1\/0682\/2163\/2752\/files\/IMG_20240202_105334.png?v=1706867652\") no-repeat center; background-size: cover;}"],"settings":{"content_width":"60ch"}},"faq_Cygfgb":{"type":"faq","blocks":{"item_8Paw7z":{"type":"item","settings":{"title":"Do you ship overseas?","content":"<p>No, we only ship to the united kingdom but if you want us to make an exception please contact us and we will provide you with the details of everything.<\/p>"}},"item_nUAa9Q":{"type":"item","settings":{"title":"How long will it take to get my orders?","content":"<p>It depends on where you are. Orders processed to the united kingdom take between 1 to 3 days to confirm the order because sometimes the client make mistakes or ask for a refund and when you confirm the order we will  ship it to you in the time that estimated between 5 days and 30 days.<\/p>"}},"item_qUcJqL":{"type":"item","settings":{"title":"Any question?","content":"<p>You can contact us through our contact page! We will be happy to assist you.<\/p>"}}},"block_order":["item_8Paw7z","item_nUAa9Q","item_qUcJqL"],"custom_css":["{background: url(\"https:\/\/cdn.shopify.com\/s\/files\/1\/0682\/2163\/2752\/files\/IMG_20240202_105334.png?v=1706867652\") no-repeat center; background-size: cover;}"],"settings":{"full_width":true,"subheading":"","title":"","content":"","team_avatar_width":120,"support_hours":"Our customer support is available 16\/7","answer_time":"Average answer time: 1hour","button_text":"","button_url":"","text_position":"center","background":"","background_gradient":"","text_color":"#000000","heading_color":"","heading_gradient":"","button_background":"#000000","button_text_color":"","accordion_background":"","accordion_text_color":""}}},"order":["main","faq_Cygfgb"]}