{"sections":{"main":{"type":"main-product","blocks":{"vendor":{"type":"vendor","disabled":true,"settings":{}},"title":{"type":"title","settings":{"heading_tag":"h2"}},"badges":{"type":"badges","settings":{}},"price":{"type":"price","settings":{"show_taxes_notice":false}},"rating":{"type":"rating","settings":{"show_empty":false}},"payment_terms":{"type":"payment_terms","settings":{}},"separator":{"type":"separator","settings":{}},"description":{"type":"description","settings":{"collapse_content":false}},"variant_picker":{"type":"variant_picker","settings":{"hide_sold_out_variants":false,"stack_blocks":true,"selector_mode":"block","color_mode":"color","size_chart_page":""}},"quantity_selector":{"type":"quantity_selector","settings":{}},"buy_buttons":{"type":"buy_buttons","settings":{"show_payment_button":true,"show_gift_card_recipient":true,"atc_button_background":"","atc_button_text_color":"","payment_button_background":"","payment_button_text_color":""}}},"block_order":["vendor","title","badges","price","rating","payment_terms","separator","description","variant_picker","quantity_selector","buy_buttons"],"custom_css":["{background: url(\"https:\/\/cdn.shopify.com\/s\/files\/1\/0682\/2163\/2752\/files\/IMG_20240202_105334.png?v=1706867652\") no-repeat center; background-size: cover;}"],"settings":{"full_width":true,"show_fixed_add_to_cart":true,"desktop_media_width":55,"desktop_media_layout":"carousel_thumbnails_left","mobile_media_size":"expanded","mobile_carousel_control":"floating_dots","enable_video_autoplay":false,"enable_video_looping":true,"enable_image_zoom":true,"max_image_zoom_level":3,"background":"","background_gradient":"","text_color":"","input_background":"rgba(0,0,0,0)","input_text_color":""}}},"order":["main"]}