{"current":{"page_width":1800,"section_vertical_spacing":"medium","section_boxed_horizontal_spacing":"large","button_border_radius":60,"input_border_radius":8,"block_border_radius":24,"block_shadow_opacity":10,"block_shadow_vertical_offset":18,"icon_stroke_width":1.5,"icon_style":"duo","button_style":"fill","button_hover_effect":"reverse","background":"#ffffff","text_color":"#000000","success_color":"#156e6a","warning_color":"#e37e16","error_color":"#aa2826","header_background":"#156e6a","header_text_color":"#ffffff","footer_background":"#f2f2f2","footer_text_color":"#272727","dialog_background":"#156e6a","primary_button_background":"#000000","primary_button_text_color":"#ffffff","secondary_button_background":"#ffb74a","secondary_button_text_color":"#ffffff","product_card_background":"rgba(0,0,0,0)","product_card_text_color":"#ffffff","product_on_sale_accent":"#e34f4f","product_sold_out_badge_background":"#bebdb9","product_primary_badge_background":"#156e6a","heading_font":"futura_n7","heading_font_size":"large","heading_text_transform":"normal","heading_letter_spacing":-1,"text_font":"futura_n4","text_font_size_desktop":16,"currency_code_enabled":true,"show_page_transition":true,"heading_apparition":"split_rotation","color_swatch_style":"rectangle","show_product_rating":true,"product_color_display":"swatch","product_image_aspect_ratio":"square","product_info_alignment":"start","cart_type":"drawer","cart_icon":"shopping_cart","cart_show_free_shipping_threshold":false,"social_facebook":"https:\/\/www.facebook.com\/profile.php?id=61555698204976","social_instagram":"https:\/\/www.instagram.com\/mightyverveoriginal\/","social_tiktok":"","favicon":"shopify:\/\/shop_images\/green_logo_favicon.jpg","checkout_header_image":"shopify:\/\/shop_images\/IMG_20240202_105334.png","checkout_logo_position":"center","checkout_logo_size":"small","checkout_body_background_image":"shopify:\/\/shop_images\/IMG_20240202_105334.png","checkout_body_background_color":"#000000","checkout_sidebar_background_image":"shopify:\/\/shop_images\/IMG_20240202_105334.png","checkout_sidebar_background_color":"#000000","checkout_accent_color":"#ffffff","checkout_button_color":"#000000","content_for_index":[],"blocks":{"14060646107696862457":{"type":"shopify:\/\/apps\/judge-me-reviews\/blocks\/judgeme_core\/61ccd3b1-a9f2-4160-9fe9-4fec8413e5d8","disabled":false,"settings":{}},"8942208844547249051":{"type":"shopify:\/\/apps\/ultimate-gdpr-eu-cookie-banner\/blocks\/widget\/9ad66af2-f521-41c0-96ef-0e66c4e1d187","disabled":true,"settings":{}},"15683396631634586217":{"type":"shopify:\/\/apps\/inbox\/blocks\/chat\/841fc607-4181-4ad1-842d-e24d7f8bad6b","disabled":false,"settings":{"button_color":"#156e6a","secondary_color":"#ffffff","ternary_color":"#6A6A6A","button_icon":"chat_bubble","button_text":"need_help","button_horizontal_position":"bottom_right","button_vertical_position":"lowest","greeting_message":""}}}},"presets":{"Sound":{"section_vertical_spacing":"medium","button_border_radius":60,"input_border_radius":8,"block_border_radius":24,"block_shadow_opacity":10,"block_shadow_vertical_offset":18,"background":"#f0f0f0","text_color":"#1a1a1a","header_background":"#f0f0f0","header_text_color":"#1a1a1a","footer_background":"#ffffff","footer_text_color":"#1a1a1a","primary_button_background":"#1a1a1a","primary_button_text_color":"#ffffff","secondary_button_background":"#f0c417","secondary_button_text_color":"#1a1a1a","product_card_text_color":"#1a1a1a","product_primary_badge_background":"#803cee","heading_font":"din_next_n7","heading_font_size":"large","heading_letter_spacing":-2,"text_font":"din_next_n4","show_page_transition":true,"cart_icon":"shopping_basket","heading_apparition":"split_fade","product_color_display":"swatch","product_info_alignment":"start","checkout_accent_color":"#f0c417","checkout_button_color":"#1a1a1a"},"Home":{"section_vertical_spacing":"medium","section_boxed_horizontal_spacing":"large","button_hover_effect":"reverse","background":"#ffffff","text_color":"#272727","success_color":"#708a5c","warning_color":"#e37e16","error_color":"#aa2826","header_background":"#ffffff","header_text_color":"#272727","footer_background":"#f2f2f2","footer_text_color":"#272727","primary_button_background":"#272727","primary_button_text_color":"#ffffff","secondary_button_background":"#3c619e","secondary_button_text_color":"#ffffff","product_card_text_color":"#272727","product_on_sale_accent":"#e34f4f","product_sold_out_badge_background":"#bebdb9","product_primary_badge_background":"#3c619e","heading_font":"futura_n7","heading_font_size":"large","heading_text_transform":"normal","heading_letter_spacing":-1,"text_font":"futura_n4","cart_icon":"shopping_basket","heading_apparition":"split_rotation","color_swatch_style":"rectangle","product_color_display":"swatch","cart_type":"drawer","checkout_body_background_color":"#f2f2f2","checkout_sidebar_background_color":"#ffffff","checkout_accent_color":"#3c619e","checkout_button_color":"#3c619e"},"Shape":{"page_width":1440,"section_vertical_spacing":"small","section_boxed_horizontal_spacing":"medium","button_border_radius":60,"input_border_radius":8,"block_border_radius":20,"icon_stroke_width":1.5,"button_style":"fill","button_hover_effect":"reverse","text_color":"#2a555a","header_background":"#ffffff","header_text_color":"#2a555a","footer_background":"#f7f7f7","footer_text_color":"#2a555a","primary_button_background":"#2a555a","primary_button_text_color":"#ffffff","secondary_button_background":"#d9967e","product_card_text_color":"#2a555a","cart_icon":"tote_bag","heading_font":"itc_berkeley_old_style_n4","heading_font_size":"large","heading_text_transform":"normal","heading_letter_spacing":-1,"text_font":"muli_n4","text_font_size_desktop":15,"product_color_display":"swatch","product_info_alignment":"center"}},"platform_customizations":{"custom_css":[]}}