{"type":"footer","name":"Footer group","sections":{"text-with-icons":{"type":"text-with-icons","blocks":{"free-shipping":{"type":"item","settings":{"icon":"picto-truck","mobile_icon_width":24,"icon_width":24,"icon_background_type":"none","icon_background":"#272727","icon_color":"#ffffff","title":"Free shipping","content":"<p>delivery time between 5 and 20 days after confirming the order.<\/p>"}},"customer-support":{"type":"item","settings":{"icon":"picto-customer-support","mobile_icon_width":24,"icon_width":24,"icon_background_type":"none","icon_background":"","icon_color":"","title":"Customer service","content":"<p>if you have any question or facing any problem make sure to contact us in contact information<\/p>"}},"discount":{"type":"item","settings":{"icon":"picto-coupon","mobile_icon_width":24,"icon_width":24,"icon_background_type":"none","icon_background":"","icon_color":"","title":"Discount deal","content":"<p>Buy your first supplement to get 10% off from big bottles and 20% off from medium and small bottles<\/p>"}},"payment":{"type":"item","settings":{"icon":"picto-lock","mobile_icon_width":24,"icon_width":24,"icon_background_type":"none","icon_background":"","icon_color":"","title":"Secure payment","content":"<p>We have one of the most secure payments in the world so be comfortable in your purchase of products<\/p>"}}},"block_order":["free-shipping","customer-support","discount","payment"],"custom_css":["{background: url(\"https:\/\/cdn.shopify.com\/s\/files\/1\/0682\/2163\/2752\/files\/IMG_20240202_105334.png?v=1706867652\") no-repeat center; background-size: cover;}"],"settings":{"full_width":true,"stack_on_mobile":false,"title":"","heading_tag":"h6","text_alignment":"center","icon_spacing":"small","background":"rgba(0,0,0,0)","background_gradient":"","text_color":"#ffffff"}},"footer":{"type":"footer","blocks":{"links":{"type":"links","settings":{"menu":"footer","show_menu_title":true}},"text":{"type":"text","settings":{"title":"About","content":"<h2>Fueling Your Journey to a Better You<\/h2><p>At MightyVerve, we believe everyone deserves to feel their best, both inside and out. That's why we're not just a dropshipping company selling supplements - we're a community of passionate individuals on a mission to empower every step of your wellness journey.<\/p><p>Fueling Your Wellness, Not Your Wallet:<\/p><p>We understand the struggle of wanting top-notch supplements without breaking the bank. That's why we pride ourselves on offering high-quality, effective products at affordable prices. And with free shipping on every order, there's no hidden cost to get what you need, just pure value.<\/p><p>Quality is Our Promise:<\/p><p>But affordability isn't everything. We're dedicated to offering safe, scientifically-backed supplements you can trust. We ensure top-notch quality through:<\/p><p>Direct communication with our suppliers: We build strong relationships with our partners, ensuring the best ingredients and manufacturing practices.<\/p><p>Rigorous quality checks: Every product goes through strict testing to ensure purity and potency.<\/p><p>Transparency and honesty: We believe in open communication and always provide clear information about our products.<\/p><p>Service with a Smile (and a Lightning Bolt):<\/p><p>We know things don't always go according to plan. That's why we offer unmatched customer service. Whether you have questions about a product, need help with your order, or experience any hiccups, our team is here to respond quickly and effectively. We're committed to turning every interaction into a positive experience<\/p><p>More Than Just Products:<\/p><p>MightyVerve is more than just supplements. We're a community of like-minded individuals who believe in:<\/p><p>Taking charge of your health, both physical and mental.<\/p><p>Being role models for a healthier, happier world.<\/p><p>Giving back to the Earth and creating a sustainable future.<\/p><p>We want to inspire you to reach your full potential, whether it's crushing your fitness goals, enhancing your focus, or simply feeling your best every day. We believe that true beauty starts from within, and we're here to provide the tools and support you need to shine.<\/p><p>Join us on this journey to a better you. Explore our range of premium supplements, connect with our vibrant community, and experience the MightyVerve difference.<\/p><p>Remember, everyone deserves to feel mighty. It's time to unleash your inner superhero.<\/p>","enable_follow_on_shop":true}},"newsletter":{"type":"newsletter","disabled":true,"settings":{"image_width":120,"heading_size":"h3","title":"Sign up for new stories and personal offers","content":""}}},"block_order":["links","text","newsletter"],"custom_css":["{background: url(\"https:\/\/cdn.shopify.com\/s\/files\/1\/0682\/2163\/2752\/files\/IMG_20240202_105334.png?v=1706867652\") no-repeat center; background-size: cover;}"],"settings":{"show_social_media":true,"show_payment_icons":true,"show_country_selector":true,"show_country_flag":true,"show_country_name":true,"show_locale_selector":false}}},"order":["text-with-icons","footer"]}