{"type":"header","name":"Header group","sections":{"announcement-bar":{"type":"announcement-bar","blocks":{"message":{"type":"message","settings":{"text":"10% OFF ON BIG NUTRITION SUPPLEMENT BOTTLES USE CODE MV10OFF","url":"shopify:\/\/collections\/all-nutrition-supplements"}},"message_F9W9FG":{"type":"message","settings":{"text":"20% OFF ON SMALL NUTRITION SUPPLEMENT BOTTLES USE CODE MV20OFF","url":"shopify:\/\/collections\/all-nutrition-supplements"}},"message_wYNb7C":{"type":"message","settings":{"text":"USE CODE MVGET1 TO GET ONE FREE PRODUCT AFTER BUYING 3 PRODUCTS","url":"shopify:\/\/collections\/health-and-care"}}},"block_order":["message","message_F9W9FG","message_wYNb7C"],"custom_css":["{background: url(\"https:\/\/cdn.shopify.com\/s\/files\/1\/0682\/2163\/2752\/files\/IMG_20240202_105334.png?v=1706867652\") no-repeat center; background-size: cover;}"],"settings":{"enable_sticky":true,"text_size":"text-xs","navigation_mode":"scrolling","scrolling_speed":15,"background":"#003313","background_gradient":"linear-gradient(180deg, rgba(NaN, NaN, NaN, 1) 43%, rgba(84, 201, 136, 1) 100%)","text_color":"#ffffff"}},"header":{"type":"header","custom_css":[],"settings":{"enable_sticky":false,"hide_on_scroll":true,"logo_max_width":40,"logo_mobile_max_width":100,"menu":"main-menu","sidebar_menu":"","secondary_menu":"","menu_open_trigger":"click","opening_from":"left","layout":"logo_left_navigation_inline","show_social_media":true,"show_locale_selector":false,"show_country_selector":true,"show_country_flag":true,"show_country_name":false,"transparent_header_text_color":"#000000","reduce_padding":true,"background_opacity":100,"background_blur_radius":20}}},"order":["announcement-bar","header"]}